t,S,B,M
0.000000,0.800000,0.001000,0.001000
0.048000,0.815863,0.044167,0.000909
0.096000,0.828185,0.082730,0.000826
0.144000,0.837125,0.117287,0.000751
0.192000,0.842994,0.148365,0.000684
0.240000,0.846166,0.176420,0.000622
0.288000,0.847025,0.201847,0.000567
0.336000,0.845933,0.224986,0.000517
0.384000,0.843221,0.246130,0.000471
0.432000,0.839179,0.265529,0.000430
0.480000,0.834061,0.283401,0.000393
0.528000,0.828081,0.299931,0.000359
0.576000,0.821424,0.315281,0.000329
0.624000,0.814243,0.329589,0.000302
0.672000,0.806669,0.342974,0.000277
0.720000,0.798809,0.355540,0.000255
0.768000,0.790753,0.367376,0.000235
0.816000,0.782574,0.378561,0.000217
0.864000,0.774334,0.389160,0.000200
0.912000,0.766081,0.399234,0.000186
0.960000,0.757856,0.408833,0.000173
1.008000,0.749692,0.418000,0.000161
1.056000,0.741615,0.426776,0.000150
1.104000,0.733645,0.435193,0.000141
1.152000,0.725799,0.443281,0.000133
1.200000,0.718089,0.451067,0.000125
1.248000,0.710525,0.458573,0.000119
1.296000,0.703113,0.465820,0.000113
1.344000,0.695858,0.472824,0.000108
1.392000,0.688764,0.479603,0.000103
1.440000,0.681832,0.486169,0.000100
1.488000,0.675062,0.492536,0.000096
1.536000,0.668454,0.498715,0.000093
1.584000,0.662008,0.504715,0.000091
1.632000,0.655720,0.510545,0.000089
1.680000,0.649590,0.516214,0.000087
1.728000,0.643615,0.521730,0.000086
1.776000,0.637792,0.527098,0.000085
1.824000,0.632117,0.532324,0.000084
1.872000,0.626589,0.537415,0.000084
1.920000,0.621203,0.542376,0.000084
1.968000,0.615957,0.547211,0.000083
2.016000,0.610847,0.551924,0.000084
2.064000,0.605869,0.556520,0.000084
2.112000,0.601021,0.561002,0.000084
2.160000,0.596298,0.565374,0.000085
2.208000,0.591699,0.569639,0.000086
2.256000,0.587220,0.573801,0.000087
2.304000,0.582857,0.577862,0.000088
2.352000,0.578608,0.581824,0.000089
2.400000,0.574469,0.585692,0.000090
2.448000,0.570437,0.589466,0.000091
2.496000,0.566511,0.593151,0.000092
2.544000,0.562686,0.596747,0.000093
2.592000,0.558961,0.600258,0.000095
2.640000,0.555332,0.603685,0.000096
2.688000,0.551797,0.607030,0.000098
2.736000,0.548353,0.610295,0.000099
2.784000,0.544999,0.613483,0.000101
2.832000,0.541731,0.616595,0.000102
2.880000,0.538547,0.619632,0.000104
2.928000,0.535446,0.622597,0.000106
2.976000,0.532424,0.625492,0.000107
3.024000,0.529480,0.628317,0.000109
3.072000,0.526612,0.631075,0.000111
3.120000,0.523818,0.633767,0.000112
3.168000,0.521095,0.636395,0.000114
3.216000,0.518442,0.638959,0.000116
3.264000,0.515857,0.641462,0.000117
3.312000,0.513339,0.643905,0.000119
3.360000,0.510885,0.646290,0.000121
3.408000,0.508494,0.648617,0.000123
3.456000,0.506164,0.650888,0.000124
3.504000,0.503893,0.653104,0.000126
3.552000,0.501680,0.655267,0.000128
3.600000,0.499524,0.657377,0.000129
3.648000,0.497423,0.659436,0.000131
3.696000,0.495376,0.661446,0.000133
3.744000,0.493380,0.663406,0.000134
3.792000,0.491436,0.665319,0.000136
3.840000,0.489541,0.667186,0.000138
3.888000,0.487694,0.669007,0.000139
3.936000,0.485894,0.670783,0.000141
3.984000,0.484139,0.672517,0.000142
4.032000,0.482430,0.674208,0.000144
4.080000,0.480764,0.675858,0.000145
4.128000,0.479140,0.677467,0.000147
4.176000,0.477557,0.679037,0.000149
4.224000,0.476014,0.680568,0.000150
4.272000,0.474510,0.682062,0.000152
4.320000,0.473045,0.683519,0.000153
4.368000,0.471616,0.684941,0.000154
4.416000,0.470224,0.686327,0.000156
4.464000,0.468867,0.687679,0.000157
4.512000,0.467544,0.688998,0.000159
4.560000,0.466255,0.690285,0.000160
4.608000,0.464998,0.691539,0.000161
4.656000,0.463773,0.692763,0.000163
4.704000,0.462578,0.693956,0.000164
4.752000,0.461414,0.695120,0.000165
4.800000,0.460280,0.696256,0.000167
4.848000,0.459174,0.697363,0.000168
4.896000,0.458095,0.698442,0.000169
4.944000,0.457044,0.699495,0.000171
4.992000,0.456019,0.700522,0.000172
5.040000,0.455020,0.701523,0.000173
5.088000,0.454046,0.702500,0.000174
5.136000,0.453097,0.703452,0.000175
5.184000,0.452172,0.704381,0.000176
5.232000,0.451270,0.705287,0.000177
5.280000,0.450390,0.706170,0.000179
5.328000,0.449533,0.707031,0.000180
5.376000,0.448697,0.707871,0.000181
5.424000,0.447882,0.708690,0.000182
5.472000,0.447087,0.709488,0.000183
5.520000,0.446312,0.710267,0.000184
5.568000,0.445557,0.711027,0.000185
5.616000,0.444821,0.711767,0.000186
5.664000,0.444103,0.712489,0.000187
5.712000,0.443403,0.713193,0.000188
5.760000,0.442721,0.713880,0.000189
5.808000,0.442056,0.714549,0.000189
5.856000,0.441407,0.715202,0.000190
5.904000,0.440774,0.715839,0.000191
5.952000,0.440158,0.716459,0.000192
6.000000,0.439557,0.717065,0.000193
6.048000,0.438971,0.717655,0.000194
6.096000,0.438399,0.718231,0.000195
6.144000,0.437842,0.718792,0.000195
6.192000,0.437298,0.719339,0.000196
6.240000,0.436769,0.719873,0.000197
6.288000,0.436252,0.720393,0.000198
6.336000,0.435748,0.720900,0.000198
6.384000,0.435257,0.721395,0.000199
6.432000,0.434778,0.721877,0.000200
6.480000,0.434311,0.722348,0.000200
6.528000,0.433856,0.722807,0.000201
6.576000,0.433412,0.723254,0.000202
6.624000,0.432979,0.723690,0.000202
6.672000,0.432557,0.724115,0.000203
6.720000,0.432145,0.724530,0.000204
6.768000,0.431744,0.724934,0.000204
6.816000,0.431352,0.725329,0.000205
6.864000,0.430971,0.725713,0.000205
6.912000,0.430598,0.726088,0.000206
6.960000,0.430235,0.726454,0.000207
7.008000,0.429882,0.726810,0.000207
7.056000,0.429537,0.727158,0.000208
7.104000,0.429200,0.727497,0.000208
7.152000,0.428872,0.727828,0.000209
7.200000,0.428552,0.728150,0.000209
7.248000,0.428240,0.728465,0.000210
7.296000,0.427936,0.728771,0.000210
7.344000,0.427639,0.729070,0.000211
7.392000,0.427349,0.729362,0.000211
7.440000,0.427067,0.729646,0.000212
7.488000,0.426792,0.729923,0.000212
7.536000,0.426524,0.730193,0.000212
7.584000,0.426262,0.730457,0.000213
7.632000,0.426007,0.730714,0.000213
7.680000,0.425758,0.730965,0.000214
7.728000,0.425515,0.731209,0.000214
7.776000,0.425279,0.731448,0.000214
7.824000,0.425048,0.731680,0.000215
7.872000,0.424823,0.731907,0.000215
7.920000,0.424603,0.732128,0.000215
7.968000,0.424389,0.732343,0.000216
8.016000,0.424180,0.732554,0.000216
8.064000,0.423977,0.732759,0.000216
8.112000,0.423778,0.732959,0.000217
8.160000,0.423584,0.733154,0.000217
8.208000,0.423396,0.733344,0.000217
8.256000,0.423211,0.733529,0.000218
8.304000,0.423032,0.733710,0.000218
8.352000,0.422857,0.733886,0.000218
8.400000,0.422686,0.734058,0.000219
8.448000,0.422520,0.734226,0.000219
8.496000,0.422357,0.734390,0.000219
8.544000,0.422198,0.734549,0.000219
8.592000,0.422044,0.734705,0.000220
8.640000,0.421893,0.734856,0.000220
8.688000,0.421746,0.735004,0.000220
8.736000,0.421603,0.735148,0.000220
8.784000,0.421463,0.735289,0.000221
8.832000,0.421327,0.735426,0.000221
8.880000,0.421194,0.735560,0.000221
8.928000,0.421064,0.735691,0.000221
8.976000,0.420938,0.735818,0.000222
9.024000,0.420814,0.735942,0.000222
9.072000,0.420694,0.736063,0.000222
9.120000,0.420577,0.736181,0.000222
9.168000,0.420462,0.736297,0.000222
9.216000,0.420351,0.736409,0.000223
9.264000,0.420242,0.736518,0.000223
9.312000,0.420136,0.736625,0.000223
9.360000,0.420032,0.736729,0.000223
9.408000,0.419931,0.736831,0.000223
9.456000,0.419833,0.736930,0.000223
9.504000,0.419737,0.737026,0.000224
9.552000,0.419643,0.737120,0.000224
9.600000,0.419552,0.737212,0.000224
9.648000,0.419463,0.737302,0.000224
9.696000,0.419376,0.737389,0.000224
9.744000,0.419291,0.737475,0.000224
9.792000,0.419209,0.737558,0.000224
9.840000,0.419128,0.737639,0.000225
9.888000,0.419049,0.737718,0.000225
9.936000,0.418973,0.737795,0.000225
9.984000,0.418898,0.737870,0.000225
10.032000,0.418825,0.737944,0.000225
10.080000,0.418754,0.738015,0.000225
10.128000,0.418684,0.738085,0.000225
10.176000,0.418617,0.738153,0.000225
10.224000,0.418551,0.738219,0.000226
10.272000,0.418486,0.738284,0.000226
10.320000,0.418423,0.738347,0.000226
10.368000,0.418362,0.738409,0.000226
10.416000,0.418302,0.738469,0.000226
10.464000,0.418244,0.738527,0.000226
10.512000,0.418188,0.738585,0.000226
10.560000,0.418132,0.738640,0.000226
10.608000,0.418078,0.738695,0.000226
10.656000,0.418026,0.738748,0.000227
10.704000,0.417974,0.738799,0.000227
10.752000,0.417924,0.738850,0.000227
10.800000,0.417875,0.738899,0.000227
10.848000,0.417828,0.738947,0.000227
10.896000,0.417781,0.738994,0.000227
10.944000,0.417735,0.739039,0.000227
10.992000,0.417691,0.739084,0.000227
11.040000,0.417648,0.739127,0.000227
11.088000,0.417606,0.739169,0.000227
11.136000,0.417565,0.739210,0.000227
11.184000,0.417525,0.739251,0.000227
11.232000,0.417486,0.739290,0.000227
11.280000,0.417448,0.739328,0.000228
11.328000,0.417411,0.739366,0.000228
11.376000,0.417374,0.739402,0.000228
11.424000,0.417339,0.739438,0.000228
11.472000,0.417305,0.739472,0.000228
11.520000,0.417271,0.739506,0.000228
11.568000,0.417238,0.739539,0.000228
11.616000,0.417207,0.739571,0.000228
11.664000,0.417175,0.739603,0.000228
11.712000,0.417145,0.739633,0.000228
11.760000,0.417115,0.739663,0.000228
11.808000,0.417086,0.739692,0.000228
11.856000,0.417058,0.739720,0.000228
11.904000,0.417030,0.739748,0.000228
11.952000,0.417003,0.739775,0.000228
12.000000,0.416977,0.739801,0.000228
12.048000,0.416952,0.739827,0.000228
12.096000,0.416927,0.739852,0.000228
12.144000,0.416902,0.739876,0.000228
12.192000,0.416879,0.739900,0.000229
12.240000,0.416856,0.739923,0.000229
12.288000,0.416833,0.739946,0.000229
12.336000,0.416811,0.739968,0.000229
12.384000,0.416790,0.739990,0.000229
12.432000,0.416769,0.740011,0.000229
12.480000,0.416749,0.740031,0.000229
12.528000,0.416729,0.740052,0.000229
12.576000,0.416710,0.740071,0.000229
12.624000,0.416691,0.740090,0.000229
12.672000,0.416672,0.740109,0.000229
12.720000,0.416654,0.740127,0.000229
12.768000,0.416636,0.740144,0.000229
12.816000,0.416619,0.740161,0.000229
12.864000,0.416602,0.740178,0.000229
12.912000,0.416586,0.740194,0.000229
12.960000,0.416570,0.740210,0.000229
13.008000,0.416554,0.740226,0.000229
13.056000,0.416539,0.740241,0.000229
13.104000,0.416525,0.740256,0.000229
13.152000,0.416510,0.740270,0.000229
13.200000,0.416496,0.740284,0.000229
13.248000,0.416483,0.740298,0.000229
13.296000,0.416469,0.740312,0.000229
13.344000,0.416456,0.740325,0.000229
13.392000,0.416444,0.740338,0.000229
13.440000,0.416432,0.740350,0.000229
13.488000,0.416420,0.740362,0.000229
13.536000,0.416408,0.740374,0.000229
13.584000,0.416396,0.740386,0.000229
13.632000,0.416385,0.740397,0.000229
13.680000,0.416374,0.740408,0.000229
13.728000,0.416364,0.740419,0.000229
13.776000,0.416353,0.740429,0.000229
13.824000,0.416343,0.740439,0.000229
13.872000,0.416333,0.740449,0.000229
13.920000,0.416323,0.740459,0.000230
13.968000,0.416314,0.740468,0.000230
14.016000,0.416304,0.740477,0.000230
14.064000,0.416295,0.740486,0.000230
14.112000,0.416287,0.740495,0.000230
14.160000,0.416278,0.740503,0.000230
14.208000,0.416270,0.740512,0.000230
14.256000,0.416262,0.740520,0.000230
14.304000,0.416254,0.740528,0.000230
14.352000,0.416246,0.740536,0.000230
14.400000,0.416239,0.740544,0.000230
14.448000,0.416232,0.740551,0.000230
14.496000,0.416225,0.740558,0.000230
14.544000,0.416218,0.740565,0.000230
14.592000,0.416211,0.740572,0.000230
14.640000,0.416204,0.740579,0.000230
14.688000,0.416198,0.740585,0.000230
14.736000,0.416191,0.740592,0.000230
14.784000,0.416185,0.740598,0.000230
14.832000,0.416179,0.740604,0.000230
14.880000,0.416173,0.740609,0.000230
14.928000,0.416167,0.740615,0.000230
14.976000,0.416162,0.740621,0.000230
15.024000,0.416156,0.740626,0.000230
15.072000,0.416151,0.740631,0.000230
15.120000,0.416146,0.740636,0.000230
15.168000,0.416141,0.740642,0.000230
15.216000,0.416136,0.740647,0.000230
15.264000,0.416131,0.740652,0.000230
15.312000,0.416127,0.740656,0.000230
15.360000,0.416122,0.740661,0.000230
15.408000,0.416118,0.740666,0.000230
15.456000,0.416114,0.740670,0.000230
15.504000,0.416109,0.740674,0.000230
15.552000,0.416105,0.740678,0.000230
15.600000,0.416101,0.740682,0.000230
15.648000,0.416097,0.740686,0.000230
15.696000,0.416093,0.740690,0.000230
15.744000,0.416089,0.740694,0.000230
15.792000,0.416086,0.740697,0.000230
15.840000,0.416082,0.740701,0.000230
15.888000,0.416079,0.740704,0.000230
15.936000,0.416075,0.740708,0.000230
15.984000,0.416072,0.740711,0.000230
16.032000,0.416069,0.740714,0.000230
16.080000,0.416065,0.740717,0.000230
16.128000,0.416062,0.740720,0.000230
16.176000,0.416060,0.740723,0.000230
16.224000,0.416057,0.740726,0.000230
16.272000,0.416054,0.740729,0.000230
16.320000,0.416051,0.740732,0.000230
16.368000,0.416049,0.740735,0.000230
16.416000,0.416046,0.740738,0.000230
16.464000,0.416044,0.740740,0.000230
16.512000,0.416041,0.740743,0.000230
16.560000,0.416038,0.740745,0.000230
16.608000,0.416036,0.740748,0.000230
16.656000,0.416034,0.740750,0.000230
16.704000,0.416031,0.740752,0.000230
16.752000,0.416029,0.740754,0.000230
16.800000,0.416027,0.740756,0.000230
16.848000,0.416025,0.740758,0.000230
16.896000,0.416022,0.740760,0.000230
16.944000,0.416020,0.740762,0.000230
16.992000,0.416019,0.740764,0.000230
17.040000,0.416017,0.740766,0.000230
17.088000,0.416015,0.740768,0.000230
17.136000,0.416013,0.740770,0.000230
17.184000,0.416011,0.740772,0.000230
17.232000,0.416010,0.740774,0.000230
17.280000,0.416008,0.740776,0.000230
17.328000,0.416007,0.740777,0.000230
17.376000,0.416005,0.740779,0.000230
17.424000,0.416004,0.740781,0.000230
17.472000,0.416002,0.740782,0.000230
17.520000,0.416001,0.740783,0.000230
17.568000,0.415999,0.740785,0.000230
17.616000,0.415997,0.740786,0.000230
17.664000,0.415996,0.740787,0.000230
17.712000,0.415995,0.740789,0.000230
17.760000,0.415993,0.740790,0.000230
17.808000,0.415992,0.740791,0.000230
17.856000,0.415990,0.740792,0.000230
17.904000,0.415989,0.740794,0.000230
17.952000,0.415988,0.740795,0.000230
18.000000,0.415987,0.740796,0.000230
18.048000,0.415986,0.740797,0.000230
18.096000,0.415985,0.740798,0.000230
18.144000,0.415984,0.740800,0.000230
18.192000,0.415983,0.740801,0.000230
18.240000,0.415982,0.740802,0.000230
18.288000,0.415981,0.740803,0.000230
18.336000,0.415980,0.740804,0.000230
18.384000,0.415979,0.740805,0.000230
18.432000,0.415979,0.740806,0.000230
18.480000,0.415978,0.740807,0.000230
18.528000,0.415977,0.740808,0.000230
18.576000,0.415976,0.740808,0.000230
18.624000,0.415975,0.740809,0.000230
18.672000,0.415974,0.740810,0.000230
18.720000,0.415973,0.740810,0.000230
18.768000,0.415972,0.740811,0.000230
18.816000,0.415971,0.740812,0.000230
18.864000,0.415970,0.740812,0.000230
18.912000,0.415970,0.740813,0.000230
18.960000,0.415969,0.740814,0.000230
19.008000,0.415968,0.740815,0.000230
19.056000,0.415968,0.740815,0.000230
19.104000,0.415967,0.740816,0.000230
19.152000,0.415967,0.740817,0.000230
19.200000,0.415966,0.740818,0.000230
19.248000,0.415966,0.740818,0.000230
19.296000,0.415965,0.740819,0.000230
19.344000,0.415965,0.740820,0.000230
19.392000,0.415964,0.740820,0.000230
19.440000,0.415964,0.740821,0.000230
19.488000,0.415963,0.740821,0.000230
19.536000,0.415962,0.740822,0.000230
19.584000,0.415962,0.740822,0.000230
19.632000,0.415961,0.740823,0.000230
19.680000,0.415961,0.740823,0.000230
19.728000,0.415960,0.740823,0.000230
19.776000,0.415959,0.740824,0.000230
19.824000,0.415959,0.740824,0.000230
19.872000,0.415959,0.740825,0.000230
19.920000,0.415958,0.740825,0.000230
19.968000,0.415958,0.740825,0.000230
20.016000,0.415957,0.740826,0.000230
20.064000,0.415957,0.740826,0.000230
20.112000,0.415957,0.740827,0.000230
20.160000,0.415957,0.740827,0.000230
20.208000,0.415956,0.740828,0.000230
20.256000,0.415956,0.740828,0.000230
20.304000,0.415956,0.740829,0.000230
20.352000,0.415955,0.740829,0.000230
20.400000,0.415955,0.740829,0.000230
20.448000,0.415955,0.740830,0.000230
20.496000,0.415954,0.740830,0.000230
20.544000,0.415954,0.740830,0.000230
20.592000,0.415953,0.740830,0.000230
20.640000,0.415953,0.740830,0.000230
20.688000,0.415953,0.740831,0.000230
20.736000,0.415952,0.740831,0.000230
20.784000,0.415952,0.740831,0.000230
20.832000,0.415952,0.740831,0.000230
20.880000,0.415952,0.740832,0.000230
20.928000,0.415951,0.740832,0.000230
20.976000,0.415951,0.740832,0.000230
21.024000,0.415951,0.740833,0.000230
21.072000,0.415951,0.740833,0.000230
21.120000,0.415951,0.740833,0.000230
21.168000,0.415951,0.740834,0.000230
21.216000,0.415950,0.740834,0.000230
21.264000,0.415950,0.740834,0.000230
21.312000,0.415950,0.740834,0.000230
21.360000,0.415950,0.740834,0.000230
21.408000,0.415949,0.740835,0.000230
21.456000,0.415949,0.740835,0.000230
21.504000,0.415949,0.740835,0.000230
21.552000,0.415949,0.740835,0.000230
21.600000,0.415948,0.740835,0.000230
21.648000,0.415948,0.740835,0.000230
21.696000,0.415948,0.740835,0.000230
21.744000,0.415948,0.740835,0.000230
21.792000,0.415948,0.740836,0.000230
21.840000,0.415948,0.740836,0.000230
21.888000,0.415947,0.740836,0.000230
21.936000,0.415947,0.740836,0.000230
21.984000,0.415947,0.740836,0.000230
22.032000,0.415947,0.740837,0.000230
22.080000,0.415947,0.740837,0.000230
22.128000,0.415947,0.740837,0.000230
22.176000,0.415947,0.740837,0.000230
22.224000,0.415947,0.740837,0.000230
22.272000,0.415947,0.740838,0.000230
22.320000,0.415947,0.740838,0.000230
22.368000,0.415946,0.740838,0.000230
22.416000,0.415946,0.740838,0.000230
22.464000,0.415946,0.740838,0.000230
22.512000,0.415946,0.740838,0.000230
22.560000,0.415946,0.740838,0.000230
22.608000,0.415945,0.740838,0.000230
22.656000,0.415945,0.740838,0.000230
22.704000,0.415945,0.740838,0.000230
22.752000,0.415945,0.740838,0.000230
22.800000,0.415945,0.740838,0.000230
22.848000,0.415945,0.740838,0.000230
22.896000,0.415945,0.740838,0.000230
22.944000,0.415945,0.740839,0.000230
22.992000,0.415945,0.740839,0.000230
23.040000,0.415945,0.740839,0.000230
23.088000,0.415945,0.740839,0.000230
23.136000,0.415945,0.740839,0.000230
23.184000,0.415945,0.740840,0.000230
23.232000,0.415945,0.740840,0.000230
23.280000,0.415945,0.740840,0.000230
23.328000,0.415945,0.740840,0.000230
23.376000,0.415945,0.740840,0.000230
23.424000,0.415944,0.740840,0.000230
23.472000,0.415944,0.740840,0.000230
23.520000,0.415944,0.740840,0.000230
23.568000,0.415944,0.740840,0.000230
23.616000,0.415944,0.740840,0.000230
23.664000,0.415944,0.740840,0.000230
23.712000,0.415944,0.740840,0.000230
23.760000,0.415944,0.740840,0.000230
23.808000,0.415944,0.740840,0.000230
23.856000,0.415944,0.740840,0.000230
23.904000,0.415944,0.740840,0.000230
23.952000,0.415944,0.740840,0.000230
24.000000,0.415924,0.740849,0.000230
24.048000,0.378583,0.758058,0.000384
24.096000,0.344596,0.774312,0.000563
24.144000,0.313659,0.789616,0.000774
24.192000,0.285493,0.803988,0.001022
24.240000,0.259849,0.817451,0.001317
24.288000,0.236498,0.830034,0.001669
24.336000,0.215231,0.841768,0.002090
24.384000,0.195860,0.852688,0.002595
24.432000,0.178216,0.862831,0.003202
24.480000,0.162142,0.872234,0.003931
24.528000,0.147500,0.880931,0.004807
24.576000,0.134163,0.888959,0.005861
24.624000,0.122014,0.896351,0.007126
24.672000,0.110951,0.903138,0.008645
24.720000,0.100877,0.909348,0.010467
24.768000,0.091707,0.915007,0.012648
24.816000,0.083362,0.920135,0.015254
24.864000,0.075768,0.924751,0.018363
24.912000,0.068860,0.928866,0.022059
24.960000,0.062577,0.932486,0.026443
25.008000,0.056864,0.935612,0.031621
25.056000,0.051671,0.938234,0.037713
25.104000,0.046949,0.940336,0.044848
25.152000,0.042658,0.941890,0.053157
25.200000,0.038757,0.942859,0.062777
25.248000,0.035213,0.943191,0.073840
25.296000,0.031992,0.942822,0.086469
25.344000,0.029066,0.941675,0.100768
25.392000,0.026406,0.939662,0.116817
25.440000,0.023990,0.936685,0.134663
25.488000,0.021795,0.932641,0.154311
25.536000,0.019801,0.927432,0.175722
25.584000,0.017989,0.920964,0.198810
25.632000,0.016343,0.913164,0.223441
25.680000,0.014847,0.903982,0.249439
25.728000,0.013488,0.893400,0.276593
25.776000,0.012254,0.881436,0.304669
25.824000,0.011132,0.868145,0.333415
25.872000,0.010113,0.853616,0.362574
25.920000,0.009188,0.837968,0.391898
25.968000,0.008347,0.821344,0.421149
26.016000,0.007583,0.803904,0.450111
26.064000,0.006889,0.785815,0.478590
26.112000,0.006259,0.767247,0.506418
26.160000,0.005686,0.748365,0.533459
26.208000,0.005165,0.729325,0.559596
26.256000,0.004693,0.710271,0.584745
26.304000,0.004263,0.691332,0.608840
26.352000,0.003873,0.672622,0.631837
26.400000,0.003519,0.654239,0.653712
26.448000,0.003197,0.636265,0.674454
26.496000,0.002904,0.618770,0.694068
26.544000,0.002638,0.601807,0.712567
26.592000,0.002397,0.585418,0.729975
26.640000,0.002178,0.569636,0.746322
26.688000,0.001978,0.554481,0.761643
26.736000,0.001797,0.539967,0.775978
26.784000,0.001633,0.526100,0.789368
26.832000,0.001484,0.512880,0.801858
26.880000,0.001348,0.500301,0.813491
26.928000,0.001225,0.488354,0.824314
26.976000,0.001113,0.477027,0.834370
27.024000,0.001011,0.466304,0.843704
27.072000,0.000918,0.456166,0.852358
27.120000,0.000834,0.446594,0.860374
27.168000,0.000758,0.437569,0.867793
27.216000,0.000689,0.429067,0.874653
27.264000,0.000626,0.421068,0.880990
27.312000,0.000569,0.413549,0.886839
27.360000,0.000517,0.406487,0.892235
27.408000,0.000469,0.399861,0.897207
27.456000,0.000427,0.393649,0.901787
27.504000,0.000388,0.387830,0.906002
27.552000,0.000352,0.382383,0.909878
27.600000,0.000320,0.377287,0.913441
27.648000,0.000291,0.372524,0.916713
27.696000,0.000264,0.368074,0.919716
27.744000,0.000240,0.363920,0.922470
27.792000,0.000218,0.360044,0.924995
27.840000,0.000199,0.356429,0.927307
27.888000,0.000181,0.353061,0.929425
27.936000,0.000164,0.349923,0.931362
27.984000,0.000149,0.347001,0.933133
28.032000,0.000136,0.344283,0.934751
28.080000,0.000123,0.341754,0.936229
28.128000,0.000112,0.339404,0.937578
28.176000,0.000102,0.337220,0.938808
28.224000,0.000093,0.335192,0.939930
28.272000,0.000084,0.333309,0.940951
28.320000,0.000077,0.331562,0.941881
28.368000,0.000070,0.329941,0.942728
28.416000,0.000064,0.328439,0.943497
28.464000,0.000058,0.327046,0.944197
28.512000,0.000053,0.325756,0.944832
28.560000,0.000048,0.324562,0.945409
28.608000,0.000044,0.323456,0.945932
28.656000,0.000040,0.322433,0.946406
28.704000,0.000036,0.321487,0.946836
28.752000,0.000033,0.320613,0.947225
28.800000,0.000030,0.319804,0.947578
28.848000,0.000028,0.319057,0.947897
28.896000,0.000025,0.318367,0.948185
28.944000,0.000023,0.317731,0.948445
28.992000,0.000021,0.317143,0.948680
29.040000,0.000019,0.316601,0.948891
29.088000,0.000018,0.316101,0.949083
29.136000,0.000016,0.315640,0.949255
29.184000,0.000015,0.315215,0.949410
29.232000,0.000014,0.314824,0.949549
29.280000,0.000012,0.314464,0.949675
29.328000,0.000011,0.314132,0.949787
29.376000,0.000011,0.313827,0.949889
29.424000,0.000010,0.313546,0.949980
29.472000,0.000009,0.313287,0.950061
29.520000,0.000008,0.313049,0.950134
29.568000,0.000008,0.312831,0.950199
29.616000,0.000007,0.312631,0.950258
29.664000,0.000007,0.312446,0.950310
29.712000,0.000006,0.312277,0.950357
29.760000,0.000006,0.312122,0.950398
29.808000,0.000005,0.311979,0.950436
29.856000,0.000005,0.311848,0.950469
29.904000,0.000005,0.311728,0.950498
29.952000,0.000004,0.311618,0.950524
30.000000,0.000004,0.311517,0.950547
30.048000,0.000004,0.311425,0.950568
30.096000,0.000004,0.311340,0.950586
30.144000,0.000003,0.311263,0.950602
30.192000,0.000003,0.311192,0.950617
30.240000,0.000003,0.311127,0.950629
30.288000,0.000003,0.311067,0.950640
30.336000,0.000003,0.311013,0.950650
30.384000,0.000003,0.310963,0.950659
30.432000,0.000003,0.310918,0.950666
30.480000,0.000002,0.310876,0.950673
30.528000,0.000002,0.310838,0.950679
30.576000,0.000002,0.310803,0.950684
30.624000,0.000002,0.310772,0.950688
30.672000,0.000002,0.310743,0.950692
30.720000,0.000002,0.310716,0.950695
30.768000,0.000002,0.310692,0.950698
30.816000,0.000002,0.310670,0.950700
30.864000,0.000002,0.310650,0.950702
30.912000,0.000002,0.310632,0.950704
30.960000,0.000002,0.310615,0.950706
31.008000,0.000002,0.310600,0.950707
31.056000,0.000002,0.310586,0.950708
31.104000,0.000002,0.310573,0.950709
31.152000,0.000002,0.310562,0.950710
31.200000,0.000002,0.310551,0.950710
31.248000,0.000002,0.310542,0.950711
31.296000,0.000002,0.310533,0.950711
31.344000,0.000002,0.310525,0.950711
31.392000,0.000002,0.310518,0.950712
31.440000,0.000002,0.310512,0.950712
31.488000,0.000002,0.310506,0.950712
31.536000,0.000002,0.310501,0.950712
31.584000,0.000002,0.310496,0.950712
31.632000,0.000002,0.310491,0.950712
31.680000,0.000002,0.310487,0.950712
31.728000,0.000002,0.310484,0.950712
31.776000,0.000002,0.310480,0.950712
31.824000,0.000002,0.310477,0.950712
31.872000,0.000002,0.310474,0.950711
31.920000,0.000002,0.310472,0.950711
31.968000,0.000002,0.310470,0.950711
32.016000,0.000002,0.310468,0.950711
32.064000,0.000002,0.310466,0.950711
32.112000,0.000002,0.310464,0.950711
32.160000,0.000002,0.310463,0.950711
32.208000,0.000002,0.310461,0.950711
32.256000,0.000002,0.310460,0.950711
32.304000,0.000002,0.310459,0.950710
32.352000,0.000002,0.310458,0.950710
32.400000,0.000002,0.310457,0.950710
32.448000,0.000001,0.310456,0.950710
32.496000,0.000001,0.310455,0.950710
32.544000,0.000001,0.310455,0.950710
32.592000,0.000001,0.310454,0.950710
32.640000,0.000001,0.310454,0.950710
32.688000,0.000001,0.310453,0.950710
32.736000,0.000001,0.310453,0.950710
32.784000,0.000001,0.310452,0.950710
32.832000,0.000001,0.310452,0.950710
32.880000,0.000001,0.310452,0.950709
32.928000,0.000001,0.310451,0.950709
32.976000,0.000001,0.310451,0.950709
33.024000,0.000001,0.310451,0.950709
33.072000,0.000001,0.310451,0.950709
33.120000,0.000001,0.310450,0.950709
33.168000,0.000001,0.310450,0.950709
33.216000,0.000001,0.310450,0.950709
33.264000,0.000001,0.310450,0.950709
33.312000,0.000001,0.310450,0.950709
33.360000,0.000001,0.310450,0.950709
33.408000,0.000001,0.310450,0.950709
33.456000,0.000001,0.310450,0.950709
33.504000,0.000001,0.310449,0.950709
33.552000,0.000001,0.310449,0.950709
33.600000,0.000001,0.310449,0.950709
33.648000,0.000001,0.310449,0.950709
33.696000,0.000001,0.310449,0.950709
33.744000,0.000001,0.310449,0.950709
33.792000,0.000001,0.310449,0.950709
33.840000,0.000001,0.310449,0.950709
33.888000,0.000001,0.310449,0.950709
33.936000,0.000001,0.310449,0.950709
33.984000,0.000001,0.310449,0.950709
34.032000,0.000001,0.310449,0.950709
34.080000,0.000001,0.310449,0.950709
34.128000,0.000001,0.310449,0.950709
34.176000,0.000001,0.310449,0.950709
34.224000,0.000001,0.310449,0.950709
34.272000,0.000001,0.310449,0.950709
34.320000,0.000001,0.310449,0.950709
34.368000,0.000001,0.310449,0.950709
34.416000,0.000001,0.310449,0.950709
34.464000,0.000001,0.310449,0.950709
34.512000,0.000001,0.310449,0.950709
34.560000,0.000001,0.310449,0.950709
34.608000,0.000001,0.310449,0.950709
34.656000,0.000001,0.310449,0.950709
34.704000,0.000001,0.310449,0.950709
34.752000,0.000001,0.310449,0.950709
34.800000,0.000001,0.310449,0.950709
34.848000,0.000001,0.310449,0.950709
34.896000,0.000001,0.310449,0.950709
34.944000,0.000001,0.310449,0.950709
34.992000,0.000001,0.310449,0.950709
35.040000,0.000001,0.310449,0.950709
35.088000,0.000001,0.310449,0.950709
35.136000,0.000001,0.310449,0.950709
35.184000,0.000001,0.310449,0.950709
35.232000,0.000001,0.310449,0.950709
35.280000,0.000001,0.310449,0.950709
35.328000,0.000001,0.310449,0.950709
35.376000,0.000001,0.310449,0.950709
35.424000,0.000001,0.310449,0.950709
35.472000,0.000001,0.310449,0.950709
35.520000,0.000001,0.310449,0.950709
35.568000,0.000001,0.310449,0.950709
35.616000,0.000001,0.310449,0.950709
35.664000,0.000001,0.310449,0.950709
35.712000,0.000001,0.310449,0.950709
35.760000,0.000001,0.310449,0.950709
35.808000,0.000001,0.310449,0.950709
35.856000,0.000001,0.310449,0.950709
35.904000,0.000001,0.310449,0.950709
35.952000,0.000001,0.310449,0.950709
36.000000,0.000001,0.310449,0.950709
36.048000,0.000001,0.310449,0.950709
36.096000,0.000001,0.310449,0.950709
36.144000,0.000001,0.310449,0.950709
36.192000,0.000001,0.310449,0.950709
36.240000,0.000001,0.310449,0.950709
36.288000,0.000001,0.310449,0.950709
36.336000,0.000001,0.310449,0.950709
36.384000,0.000001,0.310449,0.950709
36.432000,0.000001,0.310449,0.950709
36.480000,0.000001,0.310449,0.950709
36.528000,0.000001,0.310449,0.950709
36.576000,0.000001,0.310449,0.950709
36.624000,0.000001,0.310449,0.950709
36.672000,0.000001,0.310449,0.950709
36.720000,0.000001,0.310449,0.950709
36.768000,0.000001,0.310449,0.950709
36.816000,0.000001,0.310449,0.950709
36.864000,0.000001,0.310449,0.950709
36.912000,0.000001,0.310449,0.950709
36.960000,0.000001,0.310449,0.950709
37.008000,0.000001,0.310449,0.950709
37.056000,0.000001,0.310449,0.950709
37.104000,0.000001,0.310449,0.950709
37.152000,0.000001,0.310449,0.950709
37.200000,0.000001,0.310449,0.950709
37.248000,0.000001,0.310449,0.950709
37.296000,0.000001,0.310449,0.950709
37.344000,0.000001,0.310449,0.950709
37.392000,0.000001,0.310449,0.950709
37.440000,0.000001,0.310449,0.950709
37.488000,0.000001,0.310449,0.950709
37.536000,0.000001,0.310449,0.950709
37.584000,0.000001,0.310449,0.950709
37.632000,0.000001,0.310449,0.950709
37.680000,0.000001,0.310449,0.950709
37.728000,0.000001,0.310449,0.950709
37.776000,0.000001,0.310449,0.950709
37.824000,0.000001,0.310449,0.950709
37.872000,0.000001,0.310449,0.950709
37.920000,0.000001,0.310449,0.950709
37.968000,0.000001,0.310449,0.950709
38.016000,0.000001,0.310449,0.950709
38.064000,0.000001,0.310449,0.950709
38.112000,0.000001,0.310449,0.950709
38.160000,0.000001,0.310449,0.950709
38.208000,0.000001,0.310449,0.950709
38.256000,0.000001,0.310449,0.950709
38.304000,0.000001,0.310449,0.950709
38.352000,0.000001,0.310449,0.950709
38.400000,0.000001,0.310449,0.950709
38.448000,0.000001,0.310449,0.950709
38.496000,0.000001,0.310449,0.950709
38.544000,0.000001,0.310449,0.950709
38.592000,0.000001,0.310449,0.950709
38.640000,0.000001,0.310449,0.950709
38.688000,0.000001,0.310449,0.950709
38.736000,0.000001,0.310449,0.950709
38.784000,0.000001,0.310449,0.950709
38.832000,0.000001,0.310449,0.950709
38.880000,0.000001,0.310449,0.950709
38.928000,0.000001,0.310449,0.950709
38.976000,0.000001,0.310449,0.950709
39.024000,0.000001,0.310449,0.950709
39.072000,0.000001,0.310449,0.950709
39.120000,0.000001,0.310449,0.950709
39.168000,0.000001,0.310449,0.950709
39.216000,0.000001,0.310449,0.950709
39.264000,0.000001,0.310448,0.950709
39.312000,0.000001,0.310448,0.950709
39.360000,0.000001,0.310449,0.950709
39.408000,0.000001,0.310449,0.950709
39.456000,0.000001,0.310449,0.950709
39.504000,0.000001,0.310449,0.950709
39.552000,0.000001,0.310449,0.950709
39.600000,0.000001,0.310449,0.950709
39.648000,0.000001,0.310449,0.950709
39.696000,0.000001,0.310449,0.950709
39.744000,0.000001,0.310449,0.950709
39.792000,0.000001,0.310449,0.950709
39.840000,0.000001,0.310449,0.950709
39.888000,0.000001,0.310449,0.950709
39.936000,0.000001,0.310449,0.950709
39.984000,0.000001,0.310449,0.950709
40.032000,0.000001,0.310449,0.950709
40.080000,0.000001,0.310449,0.950709
40.128000,0.000001,0.310449,0.950709
40.176000,0.000001,0.310449,0.950709
40.224000,0.000001,0.310449,0.950709
40.272000,0.000001,0.310449,0.950709
40.320000,0.000001,0.310449,0.950709
40.368000,0.000001,0.310449,0.950709
40.416000,0.000001,0.310449,0.950709
40.464000,0.000001,0.310449,0.950709
40.512000,0.000001,0.310449,0.950709
40.560000,0.000001,0.310449,0.950709
40.608000,0.000001,0.310449,0.950709
40.656000,0.000001,0.310449,0.950709
40.704000,0.000001,0.310449,0.950709
40.752000,0.000001,0.310449,0.950709
40.800000,0.000001,0.310449,0.950709
40.848000,0.000001,0.310449,0.950709
40.896000,0.000001,0.310449,0.950709
40.944000,0.000001,0.310449,0.950709
40.992000,0.000001,0.310449,0.950709
41.040000,0.000001,0.310449,0.950709
41.088000,0.000001,0.310449,0.950709
41.136000,0.000001,0.310449,0.950709
41.184000,0.000001,0.310449,0.950709
41.232000,0.000001,0.310449,0.950709
41.280000,0.000001,0.310449,0.950709
41.328000,0.000001,0.310449,0.950709
41.376000,0.000001,0.310449,0.950709
41.424000,0.000001,0.310449,0.950709
41.472000,0.000001,0.310449,0.950709
41.520000,0.000001,0.310449,0.950709
41.568000,0.000001,0.310449,0.950709
41.616000,0.000001,0.310449,0.950709
41.664000,0.000001,0.310449,0.950709
41.712000,0.000001,0.310449,0.950709
41.760000,0.000001,0.310449,0.950709
41.808000,0.000001,0.310449,0.950709
41.856000,0.000001,0.310449,0.950709
41.904000,0.000001,0.310449,0.950709
41.952000,0.000001,0.310449,0.950709
42.000000,0.000001,0.310449,0.950709
42.048000,0.000001,0.310449,0.950709
42.096000,0.000001,0.310449,0.950709
42.144000,0.000001,0.310449,0.950709
42.192000,0.000001,0.310449,0.950709
42.240000,0.000001,0.310449,0.950709
42.288000,0.000001,0.310449,0.950709
42.336000,0.000001,0.310449,0.950709
42.384000,0.000001,0.310449,0.950709
42.432000,0.000001,0.310449,0.950709
42.480000,0.000001,0.310449,0.950709
42.528000,0.000001,0.310449,0.950709
42.576000,0.000001,0.310449,0.950709
42.624000,0.000001,0.310449,0.950709
42.672000,0.000001,0.310449,0.950709
42.720000,0.000001,0.310449,0.950709
42.768000,0.000001,0.310449,0.950709
42.816000,0.000001,0.310449,0.950709
42.864000,0.000001,0.310449,0.950709
42.912000,0.000001,0.310449,0.950709
42.960000,0.000001,0.310449,0.950709
43.008000,0.000001,0.310449,0.950709
43.056000,0.000001,0.310449,0.950709
43.104000,0.000001,0.310449,0.950709
43.152000,0.000001,0.310449,0.950709
43.200000,0.000001,0.310449,0.950709
43.248000,0.000001,0.310449,0.950709
43.296000,0.000001,0.310449,0.950709
43.344000,0.000001,0.310449,0.950709
43.392000,0.000001,0.310449,0.950709
43.440000,0.000001,0.310449,0.950709
43.488000,0.000001,0.310449,0.950709
43.536000,0.000001,0.310449,0.950709
43.584000,0.000001,0.310449,0.950709
43.632000,0.000001,0.310449,0.950709
43.680000,0.000001,0.310449,0.950709
43.728000,0.000001,0.310449,0.950709
43.776000,0.000001,0.310449,0.950709
43.824000,0.000001,0.310449,0.950709
43.872000,0.000001,0.310449,0.950709
43.920000,0.000001,0.310449,0.950709
43.968000,0.000001,0.310449,0.950709
44.016000,0.000001,0.310449,0.950709
44.064000,0.000001,0.310449,0.950709
44.112000,0.000001,0.310449,0.950709
44.160000,0.000001,0.310449,0.950709
44.208000,0.000001,0.310449,0.950709
44.256000,0.000001,0.310449,0.950709
44.304000,0.000001,0.310449,0.950709
44.352000,0.000001,0.310449,0.950709
44.400000,0.000001,0.310449,0.950709
44.448000,0.000001,0.310449,0.950709
44.496000,0.000001,0.310449,0.950709
44.544000,0.000001,0.310449,0.950709
44.592000,0.000001,0.310449,0.950709
44.640000,0.000001,0.310449,0.950709
44.688000,0.000001,0.310449,0.950709
44.736000,0.000001,0.310449,0.950709
44.784000,0.000001,0.310449,0.950709
44.832000,0.000001,0.310449,0.950709
44.880000,0.000001,0.310449,0.950709
44.928000,0.000001,0.310449,0.950709
44.976000,0.000001,0.310449,0.950709
45.024000,0.000001,0.310449,0.950709
45.072000,0.000001,0.310449,0.950709
45.120000,0.000001,0.310449,0.950709
45.168000,0.000001,0.310449,0.950709
45.216000,0.000001,0.310449,0.950709
45.264000,0.000001,0.310449,0.950709
45.312000,0.000001,0.310449,0.950709
45.360000,0.000001,0.310449,0.950709
45.408000,0.000001,0.310449,0.950709
45.456000,0.000001,0.310449,0.950709
45.504000,0.000001,0.310449,0.950709
45.552000,0.000001,0.310449,0.950709
45.600000,0.000001,0.310449,0.950709
45.648000,0.000001,0.310449,0.950709
45.696000,0.000001,0.310449,0.950709
45.744000,0.000001,0.310449,0.950709
45.792000,0.000001,0.310449,0.950709
45.840000,0.000001,0.310449,0.950709
45.888000,0.000001,0.310449,0.950709
45.936000,0.000001,0.310449,0.950709
45.984000,0.000001,0.310449,0.950709
46.032000,0.000001,0.310449,0.950709
46.080000,0.000001,0.310449,0.950709
46.128000,0.000001,0.310449,0.950709
46.176000,0.000001,0.310449,0.950709
46.224000,0.000001,0.310449,0.950709
46.272000,0.000001,0.310449,0.950709
46.320000,0.000001,0.310449,0.950709
46.368000,0.000001,0.310449,0.950709
46.416000,0.000001,0.310449,0.950709
46.464000,0.000001,0.310449,0.950709
46.512000,0.000001,0.310449,0.950709
46.560000,0.000001,0.310449,0.950709
46.608000,0.000001,0.310449,0.950709
46.656000,0.000001,0.310449,0.950709
46.704000,0.000001,0.310449,0.950709
46.752000,0.000001,0.310449,0.950709
46.800000,0.000001,0.310449,0.950709
46.848000,0.000001,0.310449,0.950709
46.896000,0.000001,0.310449,0.950709
46.944000,0.000001,0.310449,0.950709
46.992000,0.000001,0.310449,0.950709
47.040000,0.000001,0.310449,0.950709
47.088000,0.000001,0.310449,0.950709
47.136000,0.000001,0.310449,0.950709
47.184000,0.000001,0.310449,0.950709
47.232000,0.000001,0.310449,0.950709
47.280000,0.000001,0.310449,0.950709
47.328000,0.000001,0.310449,0.950709
47.376000,0.000001,0.310449,0.950709
47.424000,0.000001,0.310449,0.950709
47.472000,0.000001,0.310449,0.950709
47.520000,0.000001,0.310449,0.950709
47.568000,0.000001,0.310449,0.950709
47.616000,0.000001,0.310449,0.950709
47.664000,0.000001,0.310449,0.950709
47.712000,0.000001,0.310449,0.950709
47.760000,0.000001,0.310449,0.950709
47.808000,0.000001,0.310449,0.950709
47.856000,0.000001,0.310449,0.950709
47.904000,0.000001,0.310449,0.950709
47.952000,0.000001,0.310449,0.950709
48.000000,0.000001,0.310449,0.950709
